id,fen,move,rating
00c89,2r3k1/6pp/p1q2r2/1pn2p2/1B1pPP2/3Pn1QB/1PP2R1P/6RK w - - 3 24,g3g7,400
01DM2,6k1/5p2/1p2pn2/3pN3/1P1P1Pp1/P3r1Pp/2R2P1P/6K1 b - - 0 32,e3e1,400
025sW,r1bq1rk1/4bpp1/2p1p2p/1pPp4/1P4Q1/P3P2P/1B1N1PP1/R3R1K1 w - - 0 18,g4g7,400
03tCw,4r2k/3q2pp/2p3p1/p3p3/Pp1pP3/1P1P1R2/2P5/1K3R2 w - - 1 34,f3f8,400
052is,6k1/1p4pp/6P1/2r2P1P/b7/P2R2K1/2n5/8 w - - 6 44,d3d8,400
04go3,2r3k1/R2R2p1/4p1pp/8/7r/1P6/P4PP1/6K1 b - - 0 32,c8c1,407
04FOX,6k1/4pp1p/6pB/8/b2R4/2P5/r5PP/6K1 w - - 1 24,d4d8,409
01ZiW,8/R7/8/5k2/3r3p/6pP/6P1/6K1 b - - 4 70,d4d1,411
0550i,2r3k1/p1pR1ppp/1p4b1/2r5/2P1P3/5B1P/P4KP1/3R4 w - - 3 26,d7d8,413
02HQm,7k/p6p/1p4pP/2p1r3/2Pp1R2/6PK/P1P5/8 w - - 6 41,f4f8,419
057Sc,3q3k/1p4p1/3R1N1p/6r1/8/7P/PP3PP1/6K1 w - - 8 44,d6d8,423
03mkp,r1b1r1k1/p1R2pp1/2Q4p/8/3N4/2P1q3/PP4PP/R6K b - - 0 24,e3e1,424
04BI3,6kr/p1p2ppp/8/8/3r2bq/8/PPP2NPP/R1B1R1K1 w - - 2 18,e1e8,426
04Bmg,6k1/5ppp/8/3r2P1/1R3p1P/5P2/1P3K2/8 w - - 0 33,b4b8,428
02NvQ,2krr3/1pp3p1/p4p2/5P2/5P2/7P/PPQp2R1/1R1KBB2 b - - 3 30,d2e1q,434
01GC2,3b1k2/pp3prp/8/1Bp5/4R3/1P6/P4PPP/1K6 w - - 0 22,e4e8,437
02qe6,r5k1/pp3ppp/2n1r3/8/8/2N1qB2/PPQ3PP/4RK1R b - - 2 20,e3e1,438
00VC1,1k2r3/p2Q1R2/8/1p5p/P1P3p1/8/6PP/7K b - - 2 44,e8e1,442
01qHx,5k2/p4p1p/1p4p1/8/4P3/2r5/PR3PPP/6K1 b - - 0 23,c3c1,445
01Kn5,8/8/8/5R2/1P6/6k1/r6p/7K b - - 2 50,a2a1,449
00w1s,rn2q1k1/pb3p1p/1p1p2pB/3P3n/8/2bB1N1P/PP3PP1/4R1K1 w - - 1 18,e1e8,456
04Mmx,4r1k1/4P1pb/4r2p/p1p1p3/P2p2PP/1P3R2/2P2R2/6K1 w - - 0 40,f3f8,457
008Nz,6k1/2p2ppp/pnp5/B7/2P3PP/1P2PPR1/r3b2r/3R2K1 w - - 1 29,d1d8,458
01fBk,7k/8/8/2prp3/1p2Nnp1/1P4P1/P4R1P/7K b - - 0 40,d5d1,461
03BFA,8/R7/3r4/4p1p1/4Pp1k/5P2/5K2/8 w - - 0 46,a7h7,462
0266v,rnbqkb1r/ppppp2p/8/7p/2PPp3/8/PP3PP1/RNBQKBN1 w Qkq - 0 6,d1h5,464
0217e,1rb1k2r/b5p1/p2pPp1p/qp1Q4/7N/1P6/P4PPP/R1B1R1K1 b k - 0 19,a5e1,468
028pN,2r5/6pk/5p1p/5P2/3P1P1N/bP4P1/P2R3P/1K6 b - - 0 41,c8c1,468
02f5f,1k2r3/ppp4p/2n5/8/3P1q2/P1P4P/5PP1/1R2R1K1 w - - 4 24,e1e8,469
02T4Z,1k3b1r/qpp2ppp/3r4/8/6B1/3n3P/1P3PP1/2R1QRK1 w - - 0 19,e1e8,471
008o6,Q4rk1/p1p3p1/6P1/8/3P4/7P/q3r3/B4RK1 w - - 1 34,a8f8,472
02gZ7,7Q/1p2R3/5np1/3p1rk1/P2Nn3/8/1PP3b1/2K5 b - - 6 37,f5f1,473
04rhx,r4rk1/1bBn2pp/p3p3/5pN1/2BPq3/P3P2P/5PP1/2RQ1RK1 b - - 1 18,e4g2,474
00all,6k1/5ppp/4p1b1/1n1pP3/1P6/r7/5PPP/2R2BK1 w - - 0 25,c1c8,476
01nhK,4k2r/Bpp1bpp1/3p1nq1/3P4/2P3b1/1P3pP1/1P1NQP1P/4R1K1 w k - 1 18,e2e7,476
05332,2b1r2k/2p4p/p2b1ppB/1p1P4/3R4/PB5P/1PP2PP1/6K1 b - - 2 26,e8e1,479
04wOM,3r2k1/pp3ppp/1b6/8/8/4QN2/PPq2PPP/4R1K1 w - - 0 19,e3e8,486
00dpQ,6k1/5ppp/8/1r2rP2/6P1/2RK3P/8/7B w - - 0 47,c3c8,490
02IQK,3nr2k/pb1Q2pp/1p6/8/8/5P2/P5PP/6K1 w - - 0 25,d7e8,490
04Ldg,3r2k1/1bqr1pp1/p3p2p/1p2p2N/4PbQP/2P3R1/PP1p1PP1/3R1BK1 w - - 0 24,g4g7,490
04MQ7,r1b2rk1/pp2qppp/2n1p3/3p2N1/8/1B1QP3/P1P3PP/R4RK1 w - - 1 16,d3h7,490
022dd,r7/3r1kp1/8/4B2R/2R5/p6P/5PP1/2n2K2 b - - 8 33,d7d1,494
00o7c,2r3k1/pb3ppp/1p2pq2/1P6/2Q1PP2/6P1/P5BP/2R3K1 w - - 0 24,c4c8,496
043MW,r5k1/1p3p2/p2bpPpB/3p3R/P5Qp/3q3P/6P1/5R1K b - - 1 27,d3f1,497
005N7,r6k/2q3pp/8/2p5/R1np4/7P/2PB1PP1/6K1 w - - 0 32,a4a8,503
00XNY,2r3k1/p4p2/1p1pq3/2p2p2/7R/2Q4P/1P3PP1/6K1 w - - 1 34,c3h8,503
037ht,r1b1k1nr/pp2pp1p/2N1q1p1/2p5/8/1P3B2/PbP2P1P/RN1Q1K1R w kq - 5 12,d1d8,504
01Inf,r6k/pp2R1pp/3p4/q7/8/8/Pb3PPP/4R1K1 w - - 0 29,e7e8,509
04q0u,r1b1kbnr/ppp2ppp/4q3/4PnB1/8/5N2/PPP2PPP/RN1Q1RK1 w kq - 4 9,d1d8,511
056SE,2kr4/ppp2p2/7p/n1Pp1b2/3P3P/P1N1RNp1/1P4P1/2KR4 b - - 2 26,a5b3,512
04gq1,2k2r2/pppn2p1/3b4/8/3P2q1/2P2n2/PP2R3/RN1KQ3 w - - 6 28,e2e8,514
0119E,5q1k/7p/3Np1bP/4P3/3P2P1/2n5/8/5QK1 w - - 6 45,f1f8,516
01qIp,5rk1/p5pp/2ppp3/4p2R/4N1Q1/8/PPP3P1/1K6 b - - 3 22,f8f1,518
01xow,7k/ppq3pp/2pNQpn1/2Pp4/8/6P1/PP4PP/3rN1K1 w - - 0 24,e6e8,518
047lo,2r3k1/p2Q1pp1/4p2p/3nP3/3pB2P/1q3NP1/1r3P2/4BK1R w - - 3 26,d7c8,518
01ykJ,1R6/R5p1/p1b1k3/2P5/8/2n1P3/5PpP/6K1 b - - 0 31,c3e2,523
02Or9,2n2r1k/p1q4p/2P3p1/2Q1b3/3P4/7P/P4PP1/5RK1 w - - 1 24,c5f8,525
02ndg,r1bq1rk1/pp2ppb1/3p4/6Np/2Pn4/2NQ2P1/PP3PP1/R3K2R w KQ - 1 13,d3h7,528
03Vdf,2kr3r/p1p1bp2/1pnp4/4p3/1PPPn1p1/P1NQP1Pp/1B3R1P/R5NK b - - 0 20,e4f2,530
00FHX,2r3k1/5p1p/4pP2/3p3P/8/5P2/p5P1/1bR3K1 w - - 0 30,c1c8,532
01Yq1,r4rk1/1bppbppp/p1q5/1p2P3/3N1Q2/1B1P4/PPP2PPP/R4RK1 b - - 1 18,c6g2,532
00kQE,1rb4k/p5pp/1p6/3R4/2B1p3/8/PP3rPP/1K5R w - - 1 26,d5d8,534
02MII,2r3k1/pp3ppp/4pn2/3p4/1P5P/P5P1/4nbBK/2R5 w - - 1 24,c1c8,534
04YNB,5r1k/2p2ppp/p1q1b3/3p4/1Q1Pn3/4P2P/PP3PP1/R3K2R w KQ - 0 18,b4f8,534
02jkb,r1bqr1k1/5ppp/p4b2/1pp5/8/1P1B4/P2PQPPP/RN2R1K1 w - - 0 15,e2e8,536
00dOP,r2q1k1r/pbp1bppp/1p2p3/1B1nN3/3P1Q2/8/PPP2PPP/R1B2RK1 w - - 5 12,f4f7,541
04LeD,r5k1/pp3r2/4Q3/3R4/7N/2P3P1/PP3q1P/7K b - - 1 34,f2f1,541
03DWn,rn2k2r/pNb3p1/2pqpp1p/8/3P4/2P4P/PP2BRP1/R2Q2K1 b kq - 3 17,d6h2,542
01HBm,r4rk1/pb2bpp1/4pn1p/2pqN3/3p4/3P2BP/PPP1NPP1/1R1Q1RK1 b - - 2 15,d5g2,543
03EFQ,6k1/p5rp/p3p1p1/1b1rN3/4p3/PP2K3/7P/2R5 w - - 1 32,c1c8,544
04lXe,5r1k/p5pp/1p5q/n7/3P2nN/2P1r1P1/PP2B2P/R4RK1 w - - 2 22,f1f8,544
004iZ,r2r2k1/2q1bpp1/3p3p/1ppn4/1P1BP3/P5Q1/4RPPP/R5K1 w - - 1 20,g3g7,546
03XRi,6k1/5ppp/4p3/1n1pP3/3P4/4P3/1Brp2PP/R4K2 w - - 3 26,a1a8,549
008GK,1k6/ppp3p1/8/1P5p/8/P3n2P/2P1r1P1/B2rNRK1 w - - 4 31,f1f8,550
011Ob,1B6/5kpp/8/pp1K4/6r1/3N4/7P/8 w - - 0 37,d3e5,552
03tx8,6k1/5p2/1p4pp/p2Br3/P6n/1QP5/1P3P1P/4R1K1 b - - 4 32,e5e1,556
057XH,2r1k2r/pp3p1p/4pQp1/1b1pPn2/3P1P2/8/P4RPP/RNB3K1 b k - 8 20,c8c1,556
03Ejm,6k1/6pp/4p3/2Pp4/8/1n3PP1/7P/6K1 w - - 0 38,c5c6,558
00zVd,3rkbnr/1pp3pp/p4p2/4N3/4R3/8/PPP2PPP/RNB3K1 b k - 0 11,d8d1,560
0042j,3r2k1/4nppp/pq3b2/1p2p3/2r2P2/2P1NR2/PP1Q2BP/3R2K1 w - - 0 24,d2d8,561
04s0y,r7/p1qp1rb1/npp1p2k/4P1Np/2PPB1PP/8/PP3P2/R4RK1 w - - 3 25,g5f7,561
00HHN,4r2k/p4R1p/1p6/2p5/2P5/1P4R1/r5PP/2K5 b - - 0 32,e8e1,564
027j3,r3k2r/pb1p1ppp/1p3nq1/2n1N3/5Q2/NPP1P2P/PB2BPP1/R4RK1 b kq - 3 17,g6g2,566
03T43,1R6/5Ppk/6p1/3b4/p3q3/7P/6QK/8 b - - 0 42,e4g2,568
054oh,2r4k/p4Qpp/1pr5/3p4/3P4/4q1P1/PP3RKP/8 w - - 1 32,f7f8,569
022yi,rn3rk1/1bp2ppp/p3pb2/3q4/3P4/2PQ4/P1B1NPPP/R1B2RK1 b - - 3 14,d5g2,570
01z8k,8/8/1K6/P7/6kp/8/8/8 b - - 0 55,h4h3,571
04HLq,8/5kpp/4p3/2P1P3/qP6/5rP1/1Q1R3P/2K5 b - - 1 29,f3f1,572
03UeU,6k1/6pp/R4p2/1p6/1P6/2P2N2/1r3PPP/6K1 b - - 0 30,b2b1,574
043zc,4r1k1/1p1q1pp1/p6p/2PP4/4Q3/8/5PPP/4R1K1 w - - 0 25,e4e8,575
028aJ,6k1/5ppp/Rp2p3/1P6/2nr1PP1/8/5K1P/8 w - - 1 35,a6a8,576
03M6Y,3r3k/pp3pp1/5b1p/q1p2B2/3p4/PP1P2P1/2P1QP1P/4R1K1 w - - 2 26,e2e8,576
02ksV,8/7k/1B4pp/P4b2/1R2p3/8/r4PPP/6K1 b - - 0 32,a2a1,577
01xzs,r5k1/6pp/p1R5/4Pp2/1P3P2/4P3/1P3P1r/R4K2 b - - 1 28,h2h1,580
04p7f,3rr1k1/ppp1qppp/3b4/3P4/8/P4Q1P/1PP2PP1/R1B1R1K1 b - - 0 16,e7e1,580
02u0t,8/8/1p1r4/p1p3k1/P1P5/1PP4P/4KN2/8 w - - 6 50,f2e4,581
00KVb,2k2r2/pp5p/3p4/3Nb1p1/8/1P1P3P/P1PR4/1K3R2 b - - 3 28,f8f1,582
00wVj,5k2/R4p2/P6p/5p2/r3p3/2p3N1/2P1R1P1/2K5 b - - 1 44,a4a1,582
01Eta,3r4/5kp1/1pp5/6p1/1P1q1pN1/P3p2P/4Q1P1/3R3K b - - 2 33,d4d1,583
01rp4,8/pp4p1/2b1p1k1/3q1n2/3P1Q2/4B3/5PPP/R5K1 b - - 3 28,d5g2,583
021cG,5rk1/2p2p2/ppB1p1p1/4Q3/1PP3q1/P6R/5PPP/3R2K1 b - - 1 27,g4d1,583
04QuI,3rr1k1/ppp2ppp/1q6/4Q3/8/P2b1B1P/5PP1/4R1K1 w - - 0 27,e5e8,583
00JQS,7k/pb3rpp/2p5/5p2/3P4/8/PPP2PPP/4R1K1 w - - 0 21,e1e8,584
01337,1k6/ppp3r1/8/P1b5/4R3/7P/1PPr4/R6K w - - 0 25,e4e8,584
04oYd,6k1/3R1p1p/p5pK/2p2p2/2P5/P3r2P/6P1/8 w - - 2 39,d7d8,584
01aGC,3Qq2k/6pp/8/2p5/P3p3/3p3P/1rr2PP1/1R3RK1 w - - 3 29,d8e8,585
03B7b,7k/6p1/1p5b/p4B1Q/1P3q1p/7P/5PP1/7K w - - 0 38,h5e8,585
04ADf,8/4p2p/4k1p1/4P3/2P3b1/4R1P1/P2Kr3/8 w - - 14 45,e3e2,585
009tE,6k1/6pp/p1N5/1pP2bp1/5P2/8/PPP5/3K4 w - - 1 28,c6e7,587
01xyJ,8/7p/5Kpk/5p2/8/4p1r1/8/4R3 w - - 3 43,e1h1,587
03r25,3r2k1/1pp2pp1/2p2n1p/p3pQ2/1P2P1N1/P2r4/5PPP/R5K1 b - - 0 21,d3d1,587
043WP,6k1/4R1p1/8/7P/4Q3/5p2/1q4PK/8 b - - 0 54,b2g2,587
00LdT,r5k1/pbp2ppp/6q1/3p4/3p3r/2P1R1P1/PP2QP1P/R5K1 w - - 1 20,e3e8,590
00eCY,8/6p1/5p1p/R2b2kP/6P1/1r3PK1/8/8 w - - 4 61,a5d5,590
03Ap5,7k/6p1/p2b3p/2pPp3/2P5/4BqP1/P5KP/8 w - - 1 32,g2f3,590
03tA7,r1bq1k1r/p4pb1/2p3pp/2p1Pp2/5B1P/2P2N2/PP1Q1PP1/R3K2R w KQ - 0 15,d2d8,590
00MTG,4r1k1/2p1qpp1/3p4/1p1P2PQ/1P6/3R3P/2PBrb2/5RK1 w - - 6 26,f1f2,591
01ujj,8/1K6/8/6kp/8/8/P7/8 b - - 0 46,h5h4,592
01Wni,2rn2k1/p2bRppp/8/3B2N1/8/8/P4PPP/2R3K1 b - - 0 24,c8c1,593
03CkS,r4r1k/2p5/p2p1q1p/1p1Pp1p1/4P3/PB1P1Qpb/1PP2R2/4R1K1 w - - 1 23,f3f6,593
03ZLx,8/2N1k1p1/3p3p/8/1r4P1/5K1P/8/8 w - - 0 40,c7d5,593
02eRO,6k1/1R3p1p/6p1/1p1r1b2/8/2Bp3P/6P1/6K1 w - - 5 46,b7b8,594
050sa,2r3k1/4ppb1/p1Np2p1/8/7P/1P2B3/6P1/5K2 w - - 0 37,c6e7,594
00JS1,2r5/1p2k1pp/4p3/1N3p2/5P2/P2nP3/3R2PP/6K1 b - - 0 24,c8c1,595
04X0G,3r2k1/5pp1/4p2p/8/4n3/5P2/P1R3PP/3R2K1 b - - 1 30,d8d1,595
010Jc,rnb1k2r/bpqp1pp1/p3p3/7p/4P1n1/1NNB3P/PPP1QPP1/R1B2R1K b kq - 1 11,c7h2,596
02s84,4rk2/R7/8/3b4/R7/2b3PP/5P2/6K1 b - - 6 38,e8e1,596
00fgg,4r1k1/p4ppp/8/8/8/8/PP1R1PPP/K7 b - - 0 21,e8e1,597
02gPh,4r1k1/pp4pp/2pb1p1B/3p4/3P2Q1/1P5P/P1P2PP1/4N1K1 b - - 4 30,e8e1,597
02rBP,6k1/2N2ppp/5n2/Q3p3/4Pn2/5P1P/2q3PK/8 w - - 2 36,a5a8,597
00ghH,5r1k/6p1/1Q2pq1p/P2P1r2/8/2P1R3/6PP/4R1K1 b - - 1 39,f5f1,598
01uYa,r4r1k/ppp2Rpp/8/4q3/2Bb2b1/2N5/PP4PP/R4Q1K w - - 0 17,f7f8,598
034Pi,r4rk1/pb1q1pp1/1p5p/2p5/2R5/3B3P/PP3PP1/3QR1K1 w - - 1 18,d3h7,598
03ba5,6k1/1R3p1p/2r1p1p1/3p1b2/2pB4/4P2P/5PP1/6K1 w - - 1 34,b7b8,598
04eIu,r5k1/5ppp/4p2b/1qp1P3/8/1PB1P3/2PP2PP/R5K1 w - - 0 26,a1a8,598
04Ivl,4q1k1/pp3pp1/2nN1n1p/8/3p4/1P1P1BPb/PBQ2P1P/6K1 b - - 0 22,e8e1,599
04Zsd,8/3k3p/4p1p1/3p1p2/8/1PrP4/P2R1PPP/6K1 b - - 0 27,c3c1,599
04tOW,6R1/2kr4/4R1p1/1p3pB1/p7/8/5PPP/6K1 b - - 7 38,d7d1,599
00QZV,r1bk4/pppp3p/2n5/2b1prN1/8/1B6/PPPP2PP/RNB2R1K b - - 1 14,f5f1,600
00ns1,5rk1/pp5p/2p1P1p1/3pN3/5r2/2P4Q/PP4PP/5R1K b - - 2 25,f4f1,600
01tqF,2r2rk1/p4ppp/1p2p3/3pP2Q/3N4/7R/P4PPP/2R3K1 b - - 1 23,c8c1,600
02MUO,3q1r1k/pb5p/2n3pP/3pP3/2pP4/2N5/PPP2R2/2K2R2 w - - 9 29,f2f8,600
02r0o,5k2/5pp1/q1p2P2/p1P1P3/6p1/P6r/3R3B/7K w - - 1 39,d2d8,600
02yfS,r5k1/pp3pp1/7p/3P2qn/8/1P1BRP1P/4RP1K/8 w - - 7 26,e3e8,600
034f3,r1b4k/pp4pp/6p1/2pB4/5r2/2b5/P4PPP/3RR1K1 w - - 0 20,e1e8,600
04pxp,2r3k1/pp2Qppp/8/3p4/2rP4/6PP/PP6/K1R3R1 b - - 5 25,c4c1,600
01hbV,3r2k1/1B3n1p/6p1/2P2p2/1P6/2Q1P3/2P2PPP/6K1 b - - 0 31,d8d1,601
03sTE,6k1/p2r1ppp/1p2p3/3p4/3P4/P3P2P/1P3PP1/2R3K1 w - - 0 22,c1c8,601
038Ql,r5k1/q4p1p/r2p4/3QpPb1/4P3/1N3P2/1PP4P/1K1RR3 b - - 1 26,a6a1,603
01BjV,1r6/8/3bk3/2p5/P2pN3/3P3P/R4PP1/6K1 b - - 2 47,b8b1,605
00Xiu,8/pp3Q1p/1n2B1pk/8/5PPq/7P/PPP5/2K5 b - - 10 31,h4e1,608
02qNU,5k1r/p4p2/1q2pPp1/4P1p1/3p2N1/7P/PP3PK1/2R5 w - - 0 28,c1c8,608
04l2y,8/R6p/p2p1ppk/3Pp3/1r2P3/5N2/5PPP/6K1 b - - 2 28,b4b1,608
01749,6k1/5ppp/4p3/3n4/2rB4/1r4P1/5PKP/R2q4 w - - 1 32,a1a8,609
03JlS,3r2k1/p3rpp1/1p2bq1p/1N6/8/P3P3/1PQ2PPP/3R2K1 w - - 15 26,d1d8,613
04gCa,6k1/1pp2npp/1b6/p2p4/3P4/P1P3PP/1P4P1/4R1K1 w - - 0 24,e1e8,613
019yp,7k/p1q3pp/2p1Q1p1/8/8/5rN1/P1P3P1/6K1 w - - 1 26,e6e8,614
01MPw,3r4/p1k3q1/1p2p2p/2p1n1p1/2P1N3/P3R1Q1/1P3PPP/6K1 b - - 1 29,d8d1,614
04vs1,1k1r4/p7/1ppq3p/4pP2/PR2Q3/2P2P2/1P6/2KB4 b - - 0 35,d6d1,614
02yro,1r2r1k1/p1p2pp1/2QPq2p/6n1/8/2N5/PPP2PPP/1R2R1K1 b - - 1 18,e6e1,615
04XDG,3k4/7R/p2K4/8/8/6r1/8/8 w - - 2 51,h7h8,615
02vA1,r6k/7p/5R1P/4pP2/8/2nB4/5PP1/5K2 b - - 0 31,a8a1,617
04uZm,4r1k1/6b1/p1Q3N1/1p3p1p/2p3nP/P7/5PP1/4R1K1 b - - 1 36,e8e1,618
00ohT,6rk/3R3p/4P2r/1p3p2/p7/P1P5/1P3Rp1/4Q1K1 b - - 1 42,h6h1,619
02ZYT,3r2k1/1n1rbppp/pp2p3/2p1N3/1PP1P3/P3B3/5PPP/2RR2K1 b - - 3 19,d7d1,619
04SUW,2rq1rk1/3n1ppp/p3p3/1pbn4/5B2/2PQ4/PPBN1PPP/R4RK1 w - - 8 15,d3h7,621
00Rlv,3rk1nr/p1q3pp/1pb1p3/2b2p2/8/N1BQ1P2/PPP3PP/2KR3R w kq - 3 14,d3d8,625
01sDW,r2q2k1/ppp3p1/2np1n1B/2bbp3/4P3/3P2Q1/PPP2PPP/R4RK1 w - - 0 13,g3g7,626
0585O,k5r1/ppQ2p1p/6q1/1p1p4/4r3/4P1PP/P4P2/R1R3K1 w - - 2 26,c7c8,626
03Ulb,6k1/P1p2ppp/4p3/8/2n5/7P/r5P1/3RK3 w - - 0 36,d1d8,627
02XGK,3r1rk1/pp3ppp/1qp1p3/3n2N1/3P1PP1/3QP1K1/PP5P/5R2 w - - 4 26,d3h7,630
02ol0,Bn3rk1/p4pp1/1p5p/2p1q3/8/2P2Q2/PP3PPP/R1B3K1 b - - 1 17,e5e1,630
00nS6,r3r1k1/5ppp/p1p2b2/3q1b2/8/5N1P/PP2QPP1/R1B1R1K1 w - - 1 19,e2e8,631
00rIF,1r6/p7/1p3k1K/P2p2R1/2p5/2P3P1/2P3P1/1R6 b - - 3 36,b8h8,631
03cgK,3r3k/p5p1/R3B2p/8/1B2pb2/7P/P3NPP1/6K1 b - - 0 33,d8d1,631
050iD,6k1/p1B4p/4RPp1/2p5/8/8/Pr3PPP/6K1 b - - 0 31,b2b1,631
016ow,1B3k2/5P2/5K2/7p/P4P1P/8/8/2q5 w - - 0 47,b8d6,632
02bsO,1k6/ppr4b/8/8/3P4/3q3P/PP4P1/K1R2R2 w - - 0 28,f1f8,632
02mp5,8/8/1b3k2/5p1p/1N3Pp1/6P1/6KP/8 w - - 3 52,b4d5,632
04ZiQ,8/pb2r2k/2n4p/1p3pp1/2p5/1PP2B2/P4PPP/R1B1Q1K1 b - - 1 26,e7e1,632
04ikT,8/2p1k3/3pP1p1/2bP2K1/p7/6P1/8/2R5 b - - 1 43,c5e3,634
01S1N,6k1/5ppp/1P2p3/3p4/3nb3/6P1/1r5P/R5K1 w - - 0 33,a1a8,636
01Uff,8/5p1Q/2rk4/3b4/7P/6P1/5P2/6K1 b - - 3 48,c6c1,636
04hL6,2b1r1k1/4r1pp/p7/1p1p1p2/P2P1B2/2PQ2Pq/1P1N3P/R3R1K1 b - - 0 21,e7e1,636
04tHV,2kr3r/1b3Rpp/pp2p3/2N5/2p1P3/8/PP4PP/R1B4K b - - 1 22,d8d1,638
01Yjm,8/5Npk/p3b3/3p3p/8/6P1/1P4KP/8 w - - 1 38,f7g5,639
02aga,2r3k1/pp3pp1/4p2p/3pP3/8/1P1Q2P1/P5PP/7K b - - 0 26,c8c1,639
04SG1,5rk1/6p1/2p5/p1Qp4/2b5/P5B1/6PP/5RK1 b - - 10 37,f8f1,639
00TU2,1k1r4/1p3Qp1/p2q3p/8/1N6/8/PP3PPP/2R3K1 b - - 4 22,d6d1,640
01eue,r7/5pp1/1Pk1p2p/2P5/3Pn3/PR2P3/6PP/5K2 b - - 3 33,e4d2,640
02aw9,4n1k1/Q4p2/3p3p/p1pP1Rp1/8/Pr4P1/6PP/7K b - - 0 37,b3b1,641
01B3g,r2q1rk1/pp1b1pb1/2n1p3/6NP/3P4/3Qn3/PP2BPP1/2KR3R w - - 2 18,d3h7,643
01uFt,2k1q3/pp1r4/6p1/3R4/6Q1/1B6/PPP5/1K6 b - - 0 33,e8e1,643
007XE,2kr3r/p1p1Rpp1/2p2n1p/8/8/1P6/P1P2PPP/RNB3K1 b - - 1 16,d8d1,644
01EfV,rn2k2r/ppq2p2/2p1pp2/8/2BN2p1/3P4/PPPB1P2/R2Q1RK1 b kq - 4 16,c7h2,647
00GRa,1r3rk1/2p1qppb/p2n4/1p2p1Pp/4Qn1P/2P1N3/PPB2P1K/3R2R1 w - - 5 28,e4h7,648
00rcR,6k1/1p2pp1p/p2p2p1/3P4/4P3/P1B2P2/P5PP/2n3K1 b - - 0 23,c1e2,648
02yHD,3Q4/P6p/8/6pk/8/5pPK/5P1P/8 b - - 2 60,g5g4,649
01vj4,8/8/p7/8/2npb1kP/P2p2P1/5R2/4K3 w - - 1 44,f2f4,650
02O7b,6Q1/1P6/1P3k1K/1B6/8/8/8/4r3 b - - 3 69,e1h1,650
02pDu,1k1r4/ppp3p1/2p5/4q2p/8/2N4P/PP4P1/3R3K w - - 5 25,d1d8,650
03935,2r2rk1/6p1/1q2p2p/p1ppP1N1/3P1p1P/2PQ2n1/PP4P1/R1B3K1 w - - 3 23,d3h7,650
03Bzk,3r1bk1/1b1p1p1p/p1q1pPp1/1pB5/7Q/1BN5/PPP2PPP/R4RK1 b - - 8 19,c6g2,650
03hjM,8/bp5p/4k1p1/pN6/1pP1KP1P/r5P1/P1R5/8 b - - 2 42,a3e3,650
01P8L,3r3r/4bk2/1R2p3/3pP2p/P2n4/2Q2p1P/6P1/R5K1 b - - 0 31,d4e2,651
02Bm1,3r4/p1p2pk1/1p3p1p/5P2/2N2RP1/1B5P/PPP5/1K6 b - - 4 26,d8d1,651
02nTh,r2q1rk1/1b4pp/p2pp3/1p2n3/4P3/P2B4/2PQ1RPP/5RK1 w - - 3 20,f2f8,651
03wH4,2r2b2/p5qk/1p1pR1pp/3Q4/2P1N2B/1P6/P4PPP/6K1 b - - 5 26,g7a1,651
01J5O,r4r2/1pp1Nppk/3p4/p3n3/4P3/1PPP2P1/1P1K2P1/3R4 w - - 0 22,d1h1,653
02vv4,r3r1k1/p2R1ppp/2N5/4P3/5n2/8/PP3P1P/2R3K1 b - - 2 23,f4e2,654
04Fjm,6k1/p4pp1/P1p4p/8/1n6/1PrB3P/2P2KP1/4R3 w - - 5 29,e1e8,654
01h0o,5rk1/p2b3p/qp1Q1pp1/3N3n/4P3/5P2/P5PP/1RN4K b - - 0 28,a6f1,656
02wjb,2r2rk1/1R4pp/p7/2Np4/8/4b3/P1R3PP/5Q1K b - - 2 30,f8f1,658
03N1y,4r1k1/1pp2ppp/1b2b3/3q4/Q2Pn3/5N2/4BPPP/B4RK1 w - - 0 17,a4e8,658
04Ybp,r1b2rk1/1pp2pp1/p2bpq1p/3P4/4Q3/P1NB2P1/1PP2PP1/R3K2R w KQ - 2 14,e4h7,658
02iYi,5rk1/5pp1/p2b1q1p/8/2pNQ3/6P1/PpB2P1P/1R3bK1 w - - 3 25,e4h7,659
04dSw,r4k1N/pp4pp/2p5/6b1/2PR2b1/4P3/PP4PP/RN4K1 b - - 0 19,g5e3,659
01bbw,8/8/2n1R1pp/pp6/1k6/1P1P3P/P3KP2/8 b - - 6 50,c6d4,660
03ex6,1R6/r7/6p1/4PpP1/5P1p/k1b2K1P/P7/8 w - - 18 58,b8b3,660
02y6e,qr1R2k1/5p2/4p1p1/p3P1Np/5nPQ/P7/1P3P1P/3R2K1 b - - 1 27,b8d8,661
01LBw,r6r/ppp1kBp1/2np4/4p3/4P1Q1/P2P3q/1PPN1P2/R4RK1 b - - 0 17,h3g4,663
0202T,2r3k1/5ppp/2rqp3/8/PpQp4/6P1/2R1PP1P/2R3K1 w - - 2 27,c4c6,663
03VJC,rn1qb1rk/1pp5/p2p3p/2bP4/2B2p1P/P2P1P2/1PP2PQ1/R3K1R1 w Q - 1 21,g2g8,663
055gT,6k1/5p2/r4Bp1/p6p/2r4P/5pK1/P2R1P2/8 w - - 1 32,d2d8,663
00CpR,6k1/B7/2p2pK1/3nr2p/8/1Q3PP1/P6r/8 w - - 0 31,b3b8,664
00R2A,2kr1b1R/p5p1/8/3P1p2/2P5/4B3/PP1K1P2/8 b - - 1 25,f8b4,664
02dPT,3r2k1/p4pp1/1p3b1p/3Q1B2/5p2/2q4P/P4PP1/3R2K1 w - - 1 31,d5d8,665
02MZT,7k/1p5p/p6r/8/1P6/P2P1q2/3PR1RP/7K w - - 1 32,e2e8,667
01Vbe,2r5/3Qnk1p/3R4/4B2b/Pp2p3/1P2P3/5PPP/6K1 b - - 3 32,c8c1,669
00Bn4,1k6/pp6/4nNp1/P3r2p/3p4/7P/3R1PPK/8 w - - 0 40,f6d7,670
024wO,3rqr2/1p1b2pk/p1p2p2/4pP2/4n3/1B2BR2/PPP3PP/R5K1 w - - 0 21,f3h3,671
02pxM,1k2r3/p1pP3p/BnR2q2/5pp1/5P2/8/PPQ3PP/7K b - - 0 31,e8e1,671
02qL4,8/8/3k1pp1/1q1p3p/2pR1K1P/p1P2P2/P5P1/3R4 w - - 7 42,d4d5,671
04gz0,3rr1k1/1bq2ppp/5b2/p1p5/P1Pp4/1P4PP/1B2QPB1/3RR1K1 w - - 0 21,e2e8,671
00OPk,6rk/7p/R2N3P/3r4/1P5K/P7/8/8 w - - 4 50,d6f7,676
02Np0,1r1q1rk1/1bp1npp1/1p1p3p/p2P4/2PQn3/1P4P1/PB3PBP/R4RK1 w - - 1 15,d4g7,676
03iwX,8/8/8/KP6/5p1P/5k2/4bP2/8 w - - 0 49,b5b6,676
02fqW,2r3k1/R3R1n1/3r2p1/1P3p2/1p1P4/8/1P3PPP/6K1 b - - 1 31,c8c1,677
00ZWD,6k1/4bpp1/4p3/p2pP1N1/1q1P3P/1P1Q2K1/5P2/8 w - - 0 33,d3h7,678
03p6N,1r1r1k2/pp3pp1/2p4N/5P1Q/3q4/2n5/P4P1P/1R3KR1 w - - 1 26,h5f7,678
04r7V,r3qrk1/1pp2ppp/p3bb2/8/7Q/2NB1P1P/PP3P2/2KR3R w - - 0 18,h4h7,678
058QD,r4k1r/2p2p2/pp1p1q1p/3P2pQ/2P1RBB1/5R2/P4PPP/6K1 b - - 5 30,f6a1,679
01i3C,6k1/2p2pp1/4p1np/1R6/3Pb3/2P3B1/5PPP/r3N1K1 b - - 1 24,a1e1,680
01nEK,3b3k/1p3rpp/p5q1/3Q3n/8/1PN1P2P/1PP3P1/R6K w - - 0 30,d5d8,681
02T7b,8/2k5/1b1p1p2/p1PQ1P2/1p1PP3/1P5q/7R/5R1K b - - 8 39,h3f1,681
00TAb,6k1/5pp1/p1N5/1n1b3p/1B4P1/P4P1P/2K5/8 w - - 2 42,c6e7,683
00SOy,6k1/6b1/p1Q1p2p/1pN4r/3P3q/2P5/P4PP1/1R2R1K1 b - - 2 31,h4h1,684
02QUs,6k1/pp3ppp/2p1b3/8/2PR4/3P2PP/P3r1BK/8 w - - 0 29,d4d8,684
01vqY,5rk1/pR5p/3bpq1p/3p4/8/P2Q1NP1/5P1P/6K1 w - - 2 30,d3h7,685
054kt,4r1k1/3q1ppp/p1p5/1p6/8/2P1Q2P/5PP1/4R1K1 w - - 0 40,e3e8,686
02S4F,5R2/1r4p1/1r2p1pk/2pp3p/8/3K4/8/6R1 w - - 1 41,f8h8,687
03P7w,6k1/5ppp/8/1R1P4/2r5/3n1P1P/6P1/6K1 w - - 0 40,b5b8,687
04Qn2,R3b2N/p3k1p1/1p1br2p/8/8/7P/PP1R1PP1/6K1 b - - 2 26,e6e1,687
00HeG,8/1p5k/p3p1q1/3pP3/2p3PQ/2P5/PP6/2K5 b - - 3 33,g6h6,688
01Egl,2k5/r5p1/2K2p1p/8/7P/8/p7/4R3 w - - 7 61,e1e8,688
04vza,q3kb1r/p2npppp/5n2/1Np5/2Pp2bN/6P1/PP1PPP1P/R1BQK2R b KQk - 0 9,a8h1,688
04AMm,7r/1b3k1r/p3p1R1/1p1pPp2/3P3q/P2B4/1P4QP/6RK b - - 5 50,h4h2,690
04Bs9,7k/pp2b1p1/7p/2p5/P1P1R2P/1r6/5PPB/6K1 b - - 0 35,b3b1,691
04UND,4k3/2p1p2p/ppqpP3/8/3QR1rP/2P5/PP6/7K w - - 0 34,d4h8,691
03NKN,3rk2r/3bbppp/3q4/2Q1R3/3p1P2/2PP4/PP4PP/RNB3K1 b k - 4 19,d6c5,692
03gaY,r1b1k1nr/p1p2ppp/1bp3q1/4p1B1/4P3/2P2N2/PP3PPP/RN1Q1RK1 w kq - 0 9,d1d8,693
04qGt,5rk1/6pp/3R4/p7/1p5q/1P1Q4/2B3PP/4R2K b - - 1 34,h4e1,693
007c6,2kr3r/p2n2pp/2pB1bp1/5q2/2B5/8/PPP2PPP/3R1RK1 w - - 0 17,c4a6,694
00XoP,6r1/p6k/1p4rp/3Q4/8/P7/4Rp1P/5R1K b - - 0 37,g6g1,694
034pB,3r2k1/6pp/p2Np3/1b2P3/5P2/7Q/2pK3P/2Rq4 w - - 9 43,c1d1,695
03H8v,8/4k1p1/1p3p1p/8/P4P2/1B3KP1/1Pn5/8 b - - 5 38,c2d4,695
03SKN,2rq1rk1/1b3pp1/1np1pb1p/pp6/3P4/2NQPN2/PP3PPP/1BR2RK1 w - - 0 15,d3h7,695
03hzt,1r3k2/2p2p2/2pp3p/5Pq1/1P2P1QR/8/5PK1/8 w - - 0 44,g4g5,695
04V7o,8/8/p4p2/1p3b1k/3p1K1P/1P6/P1P5/8 w - - 4 45,f4f5,695
02QW9,4nk2/Q5p1/1p4qp/3p4/3P4/2P1RbP1/PP3P1P/6K1 b - - 3 33,g6b1,696
02LWp,1r6/r4Rp1/k3p2q/2Bp4/P6p/7P/2P3P1/6K1 w - - 0 27,f7a7,698
02e2t,8/pp3p2/r4k1p/2p1p2P/P2bK1P1/R4P2/1R6/8 b - - 4 33,d4b2,699
02i33,8/pp5k/1n2p2N/2p3P1/2P5/1P2R3/Prr5/6RK b - - 1 35,c2h2,699
02Zfe,2k2br1/1pp2Npp/p3pn2/8/8/6P1/PPP1KP1P/3R4 w - - 0 17,d1d8,701
03aA1,rn2kb1r/ppp1qppp/5n2/8/2bP4/8/PP2QPPP/RNB1KBNR w KQkq - 2 6,e2e7,701
0401S,2k4r/ppp1Rppp/5n2/8/2Pr4/8/P4PPP/RNB3K1 b - - 0 15,d4d1,701
00ud8,N4rk1/pp3ppp/5n2/3pq3/8/2P2Q2/PP3PPP/R1B3K1 b - - 0 18,e5e1,702
02FJx,6k1/6pp/p3p3/4Np2/1p1rbP2/1P5P/P5PK/2R5 w - - 0 31,c1c8,704
02gii,4r2r/1ppk4/p1b1p1p1/5pq1/P1BP1P1p/4P2P/2P3P1/R1Q2RK1 b - - 1 26,g5g2,705
03j33,5k2/p5p1/1p5p/1P1Q1P2/8/3P2KP/r5r1/8 w - - 4 41,d5g2,705
043W0,2r2n1k/p4Qp1/1p2p2p/3pP3/P7/P1qB3P/6P1/5R1K w - - 0 26,f7f8,705
009L0,6k1/pb2r1pN/1n4Bp/3p4/1P2pR2/P7/5PPP/2rR2K1 b - - 2 30,c1d1,706
00Ui0,r5k1/5pp1/2p5/P1N4p/2PR1n2/1P3P2/5P1P/6K1 b - - 1 26,f4e2,707
02HQM,2kr4/1bq2pQ1/p3p3/2pp4/6R1/2P4r/P1P2P1P/1R3BK1 b - - 0 21,c7h2,707
00mvr,7r/ppp1k2p/2n5/8/8/2P2pP1/P6P/R1Br1BK1 w - - 0 20,c1g5,708
01BKZ,2kr1bnr/ppp2ppp/8/8/8/P4N2/b1PBPPPP/2KR1B1R b - - 0 11,f8a3,708
02lt5,8/8/Q6p/2R3pk/5n2/4pNKb/1r6/8 b - - 2 57,b2g2,708
016aw,6k1/4pp2/3p2p1/8/1P1QP2p/5Pqb/6B1/2R3K1 b - - 0 38,g3g2,709
02vl0,3r4/R3bp2/4p1k1/4P1p1/1Pp1NnP1/5K2/2R2P2/8 b - - 0 36,d8d3,709
02KZc,r7/5pk1/5q2/1QPp1n2/pP1PpNp1/P3P1P1/5KP1/8 w - - 0 35,f4h5,710
037Zo,4r3/1p2r1k1/p2p4/4bpp1/3B2n1/1BP3PP/PP2R3/4R1K1 b - - 6 38,e5d4,710
04xgd,1k6/1pq5/7R/4p3/2P1P1rp/2P1K3/2Q5/8 w - - 2 42,h6h8,710
00mJq,r1b5/pp1nkpr1/2q1p3/8/3N4/3B4/P1P2PPP/R2Q1RK1 b - - 3 18,c6g2,711
04jQV,3r4/ppk5/2p4P/6N1/5K2/P7/6P1/8 w - - 0 41,g5e6,711
047hJ,2r5/QR2bkpp/2qp4/3n1p2/3Bp3/8/P4PPP/1R4K1 b - - 1 32,c6c1,712
00eAX,6k1/ppp1r1pp/8/8/2r5/2P5/P5PP/3R1RK1 w - - 5 26,d1d8,714
03wRW,6k1/3b1rpp/2pBp3/3p2P1/pP5P/P1Pn2R1/4q3/4R1K1 w - - 6 33,e1e2,715
02AZ6,2r5/2r4k/p5R1/7p/3p3P/1p6/1P1Q4/K7 b - - 0 38,c7c1,716
01qhs,2r2k2/R6p/1p2B3/8/4P3/1P2P1P1/P2r3P/6K1 b - - 1 24,c8c1,718
01cFH,8/8/p7/5p1P/4pk2/8/6P1/3K4 w - - 0 42,h5h6,721
01yvN,5r1k/pQR4p/2p3p1/3p2K1/P3pr2/2N5/7P/8 b - - 4 34,f8f5,721
00OXc,8/5K1p/1p5k/6p1/3brp2/5R2/8/8 w - - 5 50,f3h3,723
00VGt,3K4/8/2P5/R5pp/1n6/5PkP/6P1/8 b - - 3 61,b4c6,724
01U73,8/8/p4k2/2np3p/P4K1P/2P5/5B2/8 b - - 1 47,c5d3,724
03ZoY,8/8/1p2K3/p4p2/4k2P/1P6/P7/8 w - - 0 44,h4h5,724
00SLR,rnbqk1nr/ppppbppp/4p3/8/5PP1/5N2/PPPPP2P/RNBQKB1R b KQkq - 2 3,e7h4,725
026P1,8/2p1kpp1/3r3p/8/1P1N4/2P3P1/4KPP1/8 w - - 4 37,d4f5,725
0482Q,4r1k1/ppq2pp1/2p1r1N1/6Q1/1P6/P2P3P/2P2PP1/1R2R1K1 b - - 1 24,e6e1,725
00g2W,6k1/1q4p1/p2P2B1/8/7P/6P1/P4Q1K/4r3 b - - 5 36,b7h1,726
00ggZ,5r1k/1pr3pp/p3b3/P7/1P5Q/4q1P1/6PK/RB6 w - - 4 37,h4h7,727
00Rcs,3k4/ppp2p1r/4p2P/5n2/3PK1N1/2P5/P1P3P1/7R b - - 0 30,f5g3,731
03wQS,5r2/p1pk4/1p2pB2/1q1n2P1/4Q3/2PP4/1P1K1P1P/3RR3 b - - 5 31,b5b2,732
00kRi,2r1kb1r/p1q2ppp/2R1p3/3pPbP1/Q2P3P/5P2/PP1N4/R1B1K3 b Qk - 3 20,c7c6,733
03Lde,2k5/2p4p/p1n5/5pp1/2N5/3r3P/1R3PPB/6K1 b - - 0 32,d3d1,733
037Gj,2r5/p3kp2/4p3/q2pP2p/6p1/NP1R4/PQ3PPP/6K1 b - - 0 27,a5e1,734
00f1D,r2q2kr/1p2b1pp/p2pb3/4p3/2B1P3/5Q2/PP3PPP/2RR2K1 w - - 0 17,c4e6,735
03MOh,7k/2b3p1/q6p/p2Q4/Pp3pP1/1B5P/1P6/6K1 w - - 0 35,d5g8,735
04KXp,2kr4/Qpp2B2/3q1B2/8/6b1/2P3P1/PP5r/R4RK1 b - - 0 21,d6g3,735
01m2j,1r6/1r3pkp/R3p1p1/2pP4/4P3/5P2/6PP/1R5K b - - 0 27,b7b1,736
04TL9,8/8/5Kp1/p5P1/4P3/8/4k3/8 b - - 0 57,a5a4,736
00HIV,8/8/1p1k1n2/4p2p/1PP2pp1/3K4/3N1PPP/8 w - - 3 37,d2e4,739
022wG,6k1/pp2B1pp/1q1b4/2pP4/2P1r3/1P5P/P5P1/3R1RK1 w - - 0 28,f1f8,741
00HPz,6r1/7p/2pk1p2/P2p4/P2KbP2/2N1P3/5R1P/8 b - - 1 35,c6c5,742
02Y0v,8/3k1pp1/4p1p1/7n/1p1PP2P/pP1K1P2/B5P1/8 b - - 0 33,h5f4,742
02tQx,2r3k1/pp1R1p1p/4p1p1/8/4B3/P7/1P3PPP/6K1 b - - 0 24,c8c1,744
02ODb,2b5/2r3k1/1p1Np1Np/p4p2/P7/2P5/1P3PPP/6K1 w - - 2 35,d6e8,746
04L5K,4r1k1/6p1/pq2PR2/1pp2n1p/4Q3/1PP2N1P/1P4P1/4R2K b - - 2 32,f5g3,746
04ejR,1k1r4/1p4p1/pq2bp2/2r1p3/4P1Pp/2Q1P2P/P7/R1R2BK1 w - - 0 28,c3c5,746
01Dtr,b4rk1/2pR2p1/1p4q1/6N1/7Q/4B3/1P3PPP/6K1 b - - 6 27,g6b1,750
01iOm,r2q1rk1/ppp2ppp/3p4/2b1n3/3PPQ2/1BP4P/PP3PP1/R3KN1R b KQ - 1 13,e5d3,750
02GjU,r1b5/1p1p1Q1p/p1np1p1k/6q1/P2p4/3B4/1PP2PPP/R5K1 w - - 0 19,f7h7,750
020eQ,3qr1k1/3N1p2/2p1pPp1/2Np2Pp/1P1P3n/8/3Q1P2/R5K1 b - - 0 25,h4f3,751
02LMw,6k1/7p/2P3p1/8/2K2pP1/5r2/8/8 w - - 0 43,c6c7,751
02w7n,1k1r4/ppp3Qp/2q5/8/8/3P1P2/PPP1r1RP/2KR4 b - - 0 18,c6c2,751
04o0F,3r3k/5prp/p3p3/1p6/8/1BQ2q2/PPP2PbP/2KR4 w - - 3 24,d1d8,751
03unM,7k/p1p3R1/1p1n3K/3P3p/8/8/P6P/8 b - - 1 41,d6f5,752
04bAA,2rqkb1r/p2np3/3p2p1/3Q2N1/1PP1Pn2/5P2/P6P/RN2K2R w KQk - 2 16,d5f7,753
00C7m,8/5k2/1P4RK/6P1/1r6/8/8/8 b - - 1 58,b4h4,755
04dmk,3qr1k1/5ppp/p5B1/8/2r3b1/PP2R1P1/5P1P/4R1K1 w - - 0 29,e3e8,755
01sub,3r2kr/p5pp/1p2n3/2pNP3/8/4B3/PP4PP/5RK1 w - - 0 26,d5e7,756
03X2s,6k1/p3r2p/3Rb1pb/2p5/2P5/1P3p2/2Q2P1P/5K2 b - - 0 31,e6h3,757
03ekK,rnb3k1/pp1p1ppp/1qp5/2b3B1/8/3B1N2/PPP2PPP/R2Qr1K1 w - - 3 12,d1e1,757
04BD7,6k1/5p2/3pp2p/6pP/rr1BK1P1/8/8/2R5 w - - 1 35,c1c8,757
01Jrn,5rk1/3Q1r1p/1p1b2p1/8/1P4R1/7P/3N2P1/5R1K b - - 5 34,f7f1,758
01srl,2r1R3/pQ5p/5kp1/1P6/P7/8/5PPP/6K1 b - - 1 34,c8c1,758
02rP5,5k2/p4ppp/3Np3/8/1Prp4/2P3KP/P5P1/2R5 b - - 0 27,c4c3,759
044pR,rnbq3r/ppk4p/3pPbp1/PBp2p2/8/2N1B3/1P3PPP/R3K1NR w KQ - 0 16,c3d5,759
008P4,8/4k3/1p1p4/rP2p1p1/P2nP1P1/3B4/3K4/R7 b - - 0 35,d4b3,760
00SMl,r4rk1/ppp2pn1/3p4/q2N4/1n1PP3/5P2/PPP5/1K1R1B1R w - - 2 18,d5f6,760
02sI3,k6r/P2r1pp1/2q5/B1b1Q3/3p1P2/3P2Pp/2P4P/RR4K1 b - - 0 31,c6g2,762
04NfX,rn2k1nr/p1pp1p2/4p3/1p6/4P1pq/5Q2/PPPP2KP/RNB2R2 w kq - 1 11,f3f7,762
05Cre,7r/bB6/P7/5pk1/3r4/N1P2RK1/6P1/R7 b - - 0 41,d4g4,762
03Naf,4k3/6R1/p2rp3/4N1p1/1p1Pn1P1/7r/PP6/1K3R2 b - - 0 26,e4d2,763
00dzs,2k2b1r/1p1n1ppp/1B6/1p6/8/5K2/PPr2PPP/3RR3 w - - 1 19,e1e8,764
02Km7,5rk1/6p1/8/8/4P1B1/1r3pKP/5P2/4R3 w - - 5 43,g4e6,764
04GVI,6r1/p1p1k2p/2p5/3p1b2/8/1PN1P3/P1PP2rP/2K3RR b - - 2 18,g2g1,764
04jun,1R6/8/8/8/8/6p1/r6k/5K2 w - - 3 73,b8h8,764
045kt,r1b1k1nr/pp3ppp/2n1p3/q2pP1Q1/1b1P4/P1N2N2/1P3PPP/R1B1KB1R b KQkq - 1 10,b4c3,765
0061g,6k1/pp3pp1/2p1q1Pp/3b4/8/6Q1/PB3Pp1/3r1NK1 w - - 2 27,g3b8,766
04dNC,r4k2/1p1b2p1/p1n2p2/6N1/7P/1B6/PP3P2/4R1K1 w - - 0 24,g5h7,768
00DPQ,2k4r/pp3pp1/4pn2/2np2p1/8/1B1P1Pq1/PPPN3R/R2Q3K b - - 6 20,g3h2,769
02XTM,6k1/5ppp/q3p3/p2B4/P4r2/1P4P1/Q5KP/4N3 b - - 0 32,a6f1,769
02qPC,r7/6kp/pp1bQ3/2p2r2/2P5/1P3P2/P3KP2/7R b - - 1 29,f5e5,769
03QYt,r5k1/pb1p1r1p/1p2p3/2p1B3/7q/1P1P2p1/P1P1BQPP/5R1K w - - 1 19,f2f7,769
04PPW,r2k3r/pq1n1pp1/1p2pn1p/1B1N1b2/1Q1P4/4P3/PP3PPP/2R1K2R w K - 0 16,b4e7,770
04sT5,r2kr3/pp1n4/3Q1p1p/3P4/2nq2pP/1B2RpP1/PP6/4RK2 w - - 0 30,e3e8,770
04qHl,r1b3k1/ppp1q3/3p4/3P2N1/1PP1B1p1/6P1/P5P1/Q5K1 w - - 0 23,e4h7,771
03Cnf,8/pR6/3k4/3Nn3/4P3/1KP5/8/4r3 b - - 12 46,e1b1,773
053Mo,8/p1k2ppp/3n4/2pP1P2/BK3B1P/P7/4rP2/8 w - - 0 44,b4c5,774
00rTX,3r2k1/pp3ppp/4p3/2N5/7q/1Q3P2/PP1R2PP/4R2K b - - 3 24,h4e1,775
03ooN,r1b4k/p4n2/1qpQpr1p/1p6/2p1B2P/P1N2P2/1P6/2KR4 w - - 3 26,d6f8,775
00AGs,rn5Q/4kp2/2p1p1r1/1q4p1/8/8/4NPPP/3R1K1R w q - 5 23,h8d8,777
02P6P,8/8/p1p5/Pp1p3p/1P1Pk1P1/2P3P1/4K3/8 b - - 0 50,h5g4,778
00K0G,8/8/8/2Pk4/pK4p1/3N4/4bP2/8 w - - 7 59,d3f4,779
00gNl,6k1/5R2/pp4p1/2p4p/7P/1P6/P2rr1PK/5R2 w - - 0 38,f7f8,779
04GZH,rnbr2k1/pp3p1p/6pB/q7/2p5/4P3/P2NBPPP/Q3K2R w K - 1 15,a1g7,779
021Lo,r2qk2r/pp2bBpp/2n5/4p3/6b1/2P2N2/P4PPP/R1BQ1RK1 b kq - 1 13,e8f7,781
02exE,1R6/4R3/3k4/8/3p3r/p2P4/P1P5/BK6 b - - 3 41,h4h1,781
03slg,rnbq1bkr/pppn2pp/4p3/7Q/2B5/8/PPPP1PPP/RNB1K2R w KQ - 3 7,c4e6,783
02s7w,2r3k1/5q2/p2p1BpQ/P7/2b5/5N1P/1P2r1P1/R6K w - - 0 31,h6h8,785
01KQc,r1b1r1k1/1pp1qppp/1p1p4/3Ppn2/1P6/2PB1N2/P1Q2PPP/R4RK1 w - - 2 15,d3f5,786
024fF,1k5r/ppp5/1r3pRp/4pB2/1n1pPP2/qP1P3P/2PQ1P2/1K4R1 w - - 0 23,g6g8,786
04VaA,8/p2r3p/6p1/R4p1k/3Pn2P/3R2PK/P4P2/8 b - - 13 31,e4f2,786
01TXv,2bk3r/2p2pNp/2Q5/3PP3/2p3q1/B1P5/6BP/7K b - - 3 33,g4d1,787
03wGy,8/8/4p3/4kp2/2r2R2/6P1/5PK1/8 b - - 2 47,c4f4,788
02xnk,8/6k1/1R2pr2/6Kp/p6P/P7/1P2R3/8 b - - 0 43,f6f5,789
04Zmz,5rk1/pp6/3pp1pQ/8/3pPn2/3P2N1/PPP2qPP/R6K b - - 6 24,f2g2,790
01Nco,8/3R2p1/2p2pkp/1bB5/pP1K2PP/P4P2/4r3/8 b - - 7 39,e2d2,793
02IX7,6R1/8/3k2p1/5p1p/4b2P/1K4P1/8/8 b - - 1 50,e4d5,793
00QOa,6rk/1pR3p1/6Bp/2b4P/8/pP3PK1/P1P5/8 b - - 5 32,c5d6,794
01zRG,r2r2k1/p1p2ppp/2p1p3/4P3/N2R4/1q5P/2b2BP1/3Q1RK1 w - - 0 22,d4d8,795
04m0c,r1b1k2r/pp2nppp/1qn1p3/2bpP3/5P2/1NP5/PP1N2PP/R1BQKB1R b KQkq - 3 9,c5f2,796
0403H,1rbq2k1/5pp1/p6p/1pbBr3/7P/P3P1P1/1PP2P2/R2Q1RK1 w - - 0 16,d5f7,797
01rGp,1r6/5pkp/6p1/8/8/8/1R3PPP/rR4K1 b - - 2 39,a1b1,798
02RFx,4rr1k/1p4pp/p7/8/6QP/1Bb5/PP3PP1/6K1 b - - 0 26,e8e1,798
00A5v,4r1k1/pp1qr1p1/7p/2pPR3/2P2p2/1P3P2/P2Q2PP/4R1K1 b - - 3 33,e7e5,799
03AwE,6rk/p3R1r1/3p1R2/1p5p/7P/1P6/5b1K/8 w - - 1 36,f6h6,799
03tOe,r4rk1/p5pp/8/5pN1/P2R1n2/8/5PPP/R5K1 b - - 4 28,f4e2,799
04SS6,6k1/5ppp/4p3/8/3r4/2R3P1/5PKP/8 w - - 0 33,c3c8,799
030gZ,4r3/3p2kp/1R1P1pp1/p1r1p3/8/N3KP2/P5PP/1R6 b - - 0 36,c5c3,800
04T59,6k1/1R3pp1/4n3/4N3/7P/3r4/P4PKP/8 b - - 3 41,e6f4,803
053vG,1R6/1P4p1/7p/5P2/8/5kP1/1r5P/5K2 b - - 1 46,b2b1,803
03vXm,2r2kr1/p1p3q1/1p1p1pBp/1b1PpP2/1P4PQ/P1R4P/7K/2R5 w - - 5 31,c3c7,804
02ue6,3k1r2/ppq5/2pb4/3p2p1/PP1P3p/2P1P2P/2Q3P1/R3B1K1 b - - 1 23,d6h2,805
033KN,8/8/6p1/5p1p/1k3P1P/3K1P2/8/8 w - - 3 40,d3d4,805
00xMV,1k1r1br1/ppp5/5q2/4pP2/6P1/3Q1P1p/PPP5/3RR1K1 w - - 0 26,d3d8,806
02CIe,8/1p4k1/1pp4p/1P1b2p1/P1K1Bp2/5P1P/6P1/8 w - - 0 43,e4d5,806
0139J,r2q2rk/pp3p1n/2p1b2b/3p3P/3P1Q2/2NB1P2/PPP3P1/2KR3R w - - 2 21,f4h6,808
03vyj,2k5/2p2R2/2Pp1p2/2r1p1p1/8/1P1P4/2PK1P2/8 w - - 5 36,f7f8,808
00fK0,r2q1r2/pp3pk1/2npbNp1/2pN4/2B4Q/3P4/PPP3PP/R5K1 w - - 1 17,h4h7,810
01tUB,8/8/p4k2/P2p3p/3P3P/5K2/8/8 b - - 4 48,f6f5,810
01Pjd,6r1/1pp5/p2kp2R/3b1p2/3P1N2/P1P3rP/1P4PK/4R3 b - - 2 34,g3g2,811
03SBv,2r5/1p1q3k/p5pp/2Prn3/1Q2Np2/5P1P/5P1B/R4K2 w - - 1 35,e4f6,811
00TxB,r2qkb1r/pp3ppp/2pp1nn1/8/4PB2/2N2B2/PPP2PPP/R2QR1K1 b kq - 2 10,g6f4,812
03Xsn,3r1rk1/pp3ppp/1qnb4/8/5nB1/1PQ2N1P/PB3PP1/R4RK1 b - - 1 19,f4e2,812
0546P,8/2Rq1p1k/p3p1pp/1p2P3/1P3P1P/6PK/2Qr4/8 w - - 3 40,c7d7,812
00baZ,r7/8/p1k5/1p1p1pn1/7R/2P1P2P/5P2/R5K1 b - - 0 31,g5f3,813
02h9I,r3q2r/pp4kp/6p1/3Pp3/3nP3/6Q1/PB3PPP/R4RK1 b KQ - 2 19,d4e2,813
03H2V,6r1/p7/1ppkp1r1/4Np2/3P1P2/P1P2K1P/1P1R2P1/8 b - - 7 39,g6g3,813
014KA,r4rk1/5ppp/p3b3/1p2P3/3n1PP1/N3B2P/PP6/R3R1K1 b - - 0 19,d4f3,814
059Mb,5k2/5p1p/p3bBp1/4P3/2r4P/8/R4PP1/6K1 b - - 1 42,c4c1,814
01YyJ,2r3k1/p4ppp/1p3q2/3bR3/7N/P5P1/1P3P1P/4R1K1 w - - 0 23,e5e8,815
01lB9,1qkr3r/pp1b2p1/5p2/3Pn2p/2PQ1B2/P2B2P1/5P1P/1R3RK1 b - - 2 21,e5f3,815
00MWz,8/8/2B5/4pK2/3k1pPp/7P/8/6n1 w - - 3 57,g4g5,816
015i1,r2q1rk1/pp1b1pp1/2n1p1n1/2b1P1NQ/3p4/P7/1P3PPP/RNB2RK1 w - - 3 13,h5h7,816
03Mlc,r5rk/pp3p1p/3p4/3Pn1qQ/4P2R/2N5/PP4PP/6K1 w - - 2 22,h5h7,817
03Nmh,5R2/8/6p1/4n2p/r3k3/6K1/5P1P/8 w - - 12 50,f8f4,817
054QS,5r2/5r2/p6k/1pNp2pp/1P1q4/P2B3P/3Q2P1/2R4K b - - 2 38,f7f1,817
00wx5,6k1/5p1p/6p1/8/2q5/7P/r3rPP1/Q2R2K1 w - - 2 30,d1d8,818
02MxE,8/bp1k3r/2p4p/3n1p2/7B/3B4/P4PPP/1N4K1 w - - 0 26,d3f5,818
02s45,r7/5p1p/6pk/p3B3/2B5/5PNP/6P1/1n3K2 b - - 6 40,b1d2,818
04DhL,6k1/6pp/p2r2r1/1p3pNn/3P4/P6P/1P3PP1/2R3K1 w - - 0 25,c1c8,818
04RON,7k/p1p2p1p/1p6/8/1P5P/P1r3B1/6PK/8 w - - 0 36,g3e5,818
04juc,2r2rk1/6p1/p1Np3p/2n1p3/8/4P3/P5PP/R2R2K1 w - - 1 25,c6e7,818
051He,8/8/2b3k1/6P1/2N4P/3r4/P4P1K/8 w - - 7 54,c4e5,818
00pHb,r6k/4qp1p/p4NrQ/1p2p3/3pP3/1P1P3P/1PP3P1/5RK1 w - - 2 23,h6h7,819
01fds,3Q4/p3Nppk/1p2qb1p/2p5/2P1p3/4P2P/PP3PP1/6K1 w - - 13 35,d8g8,819
03X1v,4r1k1/1p3pp1/2pqr2p/1P6/3P4/2R2Q1P/5PP1/2R3K1 b - - 0 25,e6e1,819
006yP,6R1/8/Kpk1p3/1p1pP3/6P1/PPr5/8/8 w - - 3 40,g8c8,820
02Clu,8/1pN2pk1/p5p1/8/1b6/3n4/PP3QPP/6RK b - - 1 30,d3f2,820
02THe,3r1r1k/8/p4P1p/1p2BB1b/1P3P2/2PP4/p1NK4/8 w - - 1 36,f6f7,820
02syQ,1r1qr1k1/p1p2ppp/5b2/3p2n1/8/1P3Q1P/P2NRPP1/2B1R1K1 w - - 1 21,e2e8,820
05BY3,6k1/6p1/p4pN1/1p2pq1p/8/P1P3P1/1P3PKP/4R3 w - - 1 39,g6e7,820
03JSh,r4rk1/ppp2qp1/3p1pQn/3P2p1/3P2R1/3B3P/PP3PP1/R5K1 w - - 7 20,g6h7,821
04eM6,3r2k1/3q3p/pp3pp1/2p4P/2P3n1/1P2P1Q1/PB3PP1/1R4K1 b - - 1 31,d7d1,821
01KQY,5k2/1R3p1p/6pP/P2p4/1p6/1P2RPP1/2rr4/1K6 w - - 2 39,b7b8,822
00HzH,5rk1/p2q2p1/1p2p1Np/3p3P/3Pb1P1/2P5/PP3R2/6K1 w - - 4 33,f2f8,823
00MS3,rn1qr1k1/1p3ppp/2p2b2/p2p4/3P4/2N2N2/PPP1QPPP/2KRR3 w - - 0 12,e2e8,824
02jP2,7k/p4r1p/2pR4/8/6RP/6P1/PP3r2/6K1 b - - 0 27,f2f1,824
036ek,5r1r/7k/p2p2p1/1p1P3p/2p1NRnP/P5P1/1PP3K1/5R2 b - - 0 36,g4e3,824
04VTC,8/5p2/2p1p3/3pPq1p/kPpP1P2/2P3K1/3Q4/8 w - - 2 56,d2a2,824
041LR,3r2rk/p5pp/Bp6/3b1p2/P3p2P/6P1/3q1PK1/2RQR3 w - - 1 27,d1d2,825
00Y5Q,rnbq1rk1/pp2b2p/4p2Q/3p1p2/2pP4/P1N5/1PP1PPPP/2KR1BNR b - - 0 11,e7g5,826
00puq,4r3/1k3pbp/1pp1q3/p4pp1/P2P2n1/2PQ1N2/1P3PPP/2N1R1K1 b - - 6 33,e6e1,826
02qgo,r4rk1/pp1q2p1/2n2ppp/3B4/Q2P2P1/2P4P/P3PP2/R4RK1 b - - 0 16,d7d5,826
0377r,8/1Bp2pkp/5np1/4n3/1pPBP3/3P2P1/2P2P1P/6K1 b - - 4 31,e5f3,826
00HEh,3r2k1/pp3ppp/2p3b1/2n3P1/2B2q1P/5N2/PPP1QP2/4R1K1 w - - 0 23,e2e8,827
02FEp,2kr4/Qp1n1pp1/p1p5/3p4/Nq1RP2R/8/PPP2P2/1K6 b - - 0 23,b4e1,827
03AaR,n5k1/1b4pp/p2p1rq1/2bNp3/2P5/3P2P1/PB3P1P/3Q1RK1 w - - 1 27,d5e7,827
01H0Y,r1b2rk1/p2p1pp1/1p4qp/3Np3/1P2P3/P4P2/4Q1PP/R4R1K w - - 1 19,d5e7,828
03dR1,6k1/1p3rpp/p1nr4/2p5/8/4R3/PP4PP/5R1K w - - 0 23,e3e8,828
04rVo,2r3k1/1R3p1p/p2rp1p1/8/3P1P2/2q5/2N2QPP/3R3K b - - 1 27,c3c2,828
00Ec4,3q1r1k/p1r3pp/8/1p1BpPb1/2Pp2Q1/P2P2R1/6PP/R5K1 w - - 3 25,g4g5,829
00VSe,6nr/1pN2ppp/p2Qbk2/4p3/3Bq3/8/PP2BPPP/5K1R b - - 8 19,e4b1,829
01zxo,6k1/pp3rpp/8/2P5/3R4/7P/5RPK/q7 w - - 0 30,d4d8,829
037nr,8/6P1/1p2bK2/8/8/p7/1k4P1/8 w - - 0 50,f6e6,829
04QwV,4r3/2q2kpp/3rpp2/p3P3/1p3P1P/4B3/PP4P1/1KR5 w - - 1 33,c1c7,829
01PhQ,1kr5/3n1b2/1p1Pp1p1/p3n3/2P2Q2/1P6/PK6/7R b - - 0 34,e5d3,830
0109V,r5k1/pp3ppp/2pq4/3b4/3P2n1/2PQ4/PPB2PPP/4R1K1 w - - 0 22,d3h7,831
04noT,6rk/1Q3Kp1/5p2/8/P4r2/8/8/8 w - - 0 68,b7h1,831
00Vt0,1k4r1/pp3p2/4p3/2N1q3/1P1bp3/P3P3/5P2/2RR1K2 w - - 1 27,c5d7,832
01u1D,6k1/5rpp/1r3p2/6q1/1PB4n/P6P/5PP1/3R1R1K w - - 0 22,d1d8,832
03XAy,4B3/2R4p/4pkp1/5p2/1b3P2/r7/6PP/5K2 w - - 2 35,c7f7,832
04Oe7,6k1/pR3pp1/2p2n1p/6r1/3P4/P4q1P/1PQ2P2/5K2 w - - 2 25,b7b8,832
00B2k,r4rk1/pbp3pp/1p1pp3/6B1/2PPp2q/3BP2P/PP3P2/R2QK1R1 b Q - 8 16,h4f2,833
01yHG,6r1/ppR2pr1/1q1pk3/4p3/P6p/1P3Q1P/5PBK/2R5 b - - 5 34,g7g2,833
02LnU,8/1p6/2p2k2/p4n2/P1P3BP/1P6/8/5K2 b - - 1 52,f5e3,833
02z11,r1b1k2r/ppp1qppp/3p1n2/4n3/2BQ4/5N2/PP3PPP/RNB1R1K1 b kq - 0 10,e5f3,833
03PNX,6k1/1p3ppp/p6q/1pQn4/3P4/4rPP1/1P5P/R5K1 w - - 0 28,c5c8,833
00c0D,rnb1k2r/ppB2p2/8/3p2p1/3Q2np/2N2N1K/PPP1B1PP/R6R b kq - 0 14,g4f2,834
02yBm,r1b2rk1/pppp1p1p/1b2qQpB/4p3/2n1P3/2P2N2/PP3PPP/RN2K2R w KQ - 1 12,f6g7,834
032ZT,1k1r4/p1p4p/B7/1P1p1n1n/3P4/5R1P/6P1/6K1 w - - 1 30,f3f5,834
04m1a,4r1k1/pb6/1p6/2bN2p1/2P4p/1P6/P3NpPP/3R1K2 w - - 3 31,d5f6,834
02clH,8/p7/2p5/1k1p4/6R1/b2n2P1/2R3K1/8 b - - 2 40,d3e1,836
00KVO,4r3/R5p1/4r2p/3k1n2/3p4/P5B1/1P4PP/4R1K1 b - - 2 28,e6e1,837
02w9I,6k1/5ppp/8/1q6/3rp3/4P2P/Q4PP1/6K1 w - - 0 27,a2a8,837
053Os,5rk1/6p1/3PP2p/1B4p1/2P5/P1n5/6PP/5RK1 b - - 1 33,c3e2,837
02Ulp,8/1p5p/p1p2kp1/5p2/1qPp4/4rPP1/P6P/2RQ1K2 w - - 0 31,d1d4,838
039f2,8/8/4k2r/3R3p/3P4/5P1P/4b1PK/8 w - - 0 51,d5e5,838
02bmv,r4rk1/pp3pbp/5pp1/7q/1Q1PP1P1/3B1N2/PP1B1P2/R3K2R b KQ - 0 18,h5h1,839
021pI,r1b2rk1/4qp1p/2p2n1P/4p2p/p3P3/3P4/1PPQN1P1/1K1RNB2 w - - 1 19,d2g5,840
02Nzh,r1b2rk1/p1pp1ppn/7p/1pq1P3/2B2P2/2Q5/P5PP/RN2R2K w - - 2 17,c4f7,840
04VOx,5r1k/p5pp/1q1P4/2n5/P2r1p2/1B6/1Q2K1PP/R3R3 w - - 3 28,b2d4,840
01bzW,5r1k/6p1/2BR3p/1Nn5/p7/P4PPn/1P2r2P/3R3K b - - 1 33,h3f2,841
00HEx,R7/5pk1/4pn1p/8/3NP3/5P2/6PP/2rB2K1 b - - 1 31,c1d1,842
02Aed,1rbk1b1r/p1p3pp/2Qp4/6p1/3p1q2/P2B4/1P3PPP/R2KR3 w - - 0 17,c6e8,842
02SY5,r1b2rk1/pp1p1ppp/1b4q1/3N4/1P2P3/P4P2/6PP/R2QKB1R w KQ - 1 15,d5e7,842
03t5I,rn4k1/p4ppp/1ppQ1n2/3p1q2/3Pp3/2P1P3/PP3PPP/R4RK1 w - - 5 19,d6d8,842
02r27,4r3/2pqrRk1/3p2pp/p1pPb1QP/2P1P3/1P6/P1B3P1/5R1K b - - 0 30,e7f7,843
02uPm,2r3k1/5ppp/Ppr1pq2/3p4/P2P4/5N1P/2Q2PP1/2R3K1 w - - 0 24,c2c6,843